0.26714906,-0.11874997,0.44271648,-0.35916138,0.20506167,0.026936905,0.279018,0.20168942,0.25189322,-0.3686434,0.3772918,-0.22934392,0.29511604,0.17722882,0.10583006,-0.17624618,0.24612074,0.088299036,-0.3184759,-0.22319996,-0.25101736,0.24527021,-0.10232636,0.21413489,-0.005995071,0.2290138,0.17321491,-0.42347738,0.25656348,0.37960494,-0.19064352,0.16632038,0.3971789,-0.30793583,-0.20027484,-0.048499238,-0.14378886,0.24333653,0.14673205,0.20974295,0.3380339,0.29573607,0.32202333,-0.046843477,-0.16469227,-0.40313077,-0.23258315,0.18500315,0.13000771,-0.19605295,-0.28847608,-0.22990812,-0.188292,-0.42383942,0.13829552,-0.13287699,0.24210484,-0.18981582,0.28477547,-0.13375115,-0.084796146,-0.26429072,-0.22964391,0.32751837
0.26714858,-0.11875082,0.442717,-0.35916138,0.20506135,0.026935896,0.27901813,0.20168869,0.25189227,-0.36864376,0.37729245,-0.22934465,0.29511553,0.17722881,0.10582995,-0.17624618,0.24612111,0.088298,-0.31847608,-0.22319967,-0.25101835,0.24527064,-0.10232629,0.21413434,-0.0059947497,0.22901444,0.17321496,-0.42347676,0.2565632,0.37960434,-0.19064273,0.1663204,0.3971787,-0.30793542,-0.20027441,-0.04849949,-0.14378844,0.24333607,0.14673287,0.20974286,0.338034,0.29573599,0.32202306,-0.046843942,-0.16469228,-0.40313074,-0.23258233,0.18500304,0.13000827,-0.19605249,-0.28847554,-0.229909,-0.18829268,-0.42383885,0.13829592,-0.13287586,0.24210496,-0.18981613,0.2847753,-0.13375098,-0.084795885,-0.26429024,-0.22964439,0.32751864
0.2671491,-0.11874997,0.44271648,-0.35916132,0.20506169,0.026936907,0.27901796,0.20168944,0.25189322,-0.36864346,0.3772917,-0.22934389,0.29511604,0.17722882,0.10583007,-0.17624614,0.24612074,0.088299036,-0.31847593,-0.22319996,-0.25101733,0.24527022,-0.102326356,0.21413489,-0.005995072,0.22901377,0.17321488,-0.42347738,0.25656348,0.37960497,-0.19064352,0.16632037,0.39717886,-0.3079358,-0.20027483,-0.048499234,-0.14378886,0.2433365,0.14673205,0.20974293,0.33803394,0.29573607,0.3220233,-0.046843473,-0.16469228,-0.4031308,-0.23258312,0.18500315,0.13000774,-0.1960529,-0.28847605,-0.22990812,-0.18829197,-0.42383933,0.13829552,-0.13287699,0.24210487,-0.18981585,0.28477544,-0.13375112,-0.08479613,-0.26429072,-0.22964393,0.3275184
-0.052179843,-0.22962835,0.06363237,0.33700362,0.40554938,0.5017963,0.25940728,0.503059,-0.123279124,0.5819907,0.8590057,0.52085555,0.3266548,0.31706756,-0.16263723,0.59027576,0.46485925,-0.5972479,-0.24439675,-0.08614584,-0.33208615,0.49867576,-0.08740159,0.27214202,0.58849955,0.064862676,0.38911825,-0.23024765,0.31414968,0.34424326,0.6109412,-0.19798401,0.6550764,0.20314065,-0.8636111,0.32662293,0.2507357,0.6256369,-0.21141618,0.22806013,0.13532001,0.18282895,0.5313575,-0.05934229,0.83265007,0.14873624,-0.41379344,0.39577565,-0.23369056,0.11062621,0.23702404,-0.24169877,-0.39167383,0.19295825,0.639857,-0.5661396,0.16769782,-0.11270125,-0.14691755,0.30551404,-0.9483466,-0.16579068,-0.34733996,0.03979747
0.28245604,-0.111182764,0.44140348,-0.3645259,0.18769988,0.044195704,0.28666848,0.19754471,0.25871277,-0.37140086,0.38793865,-0.2302301,0.3017108,0.17743485,0.1194835,-0.18169695,0.24547276,0.083657935,-0.32354274,-0.22462736,-0.25709137,0.24344477,-0.095611006,0.21944399,-0.021979533,0.23222582,0.17807508,-0.43800643,0.26167804,0.3899936,-0.19864535,0.17493322,0.39693657,-0.31603372,-0.20147648,-0.06536662,-0.1549221,0.24781926,0.17029631,0.20865138,0.34262082,0.30000216,0.34203184,-0.034039065,-0.17582616,-0.4084473,-0.2257609,0.19462366,0.11989017,-0.19611654,-0.30228642,-0.23549855,-0.18364668,-0.42673802,0.13010092,-0.15571037,0.24110427,-0.19135338,0.2892424,-0.14128447,-0.092349835,-0.26934984,-0.23476347,0.33362216
0.2671486,-0.11875082,0.442717,-0.35916138,0.20506133,0.026935898,0.27901813,0.20168869,0.25189227,-0.36864376,0.37729242,-0.22934467,0.29511553,0.1772288,0.10582995,-0.17624618,0.24612111,0.08829799,-0.3184761,-0.22319965,-0.25101832,0.24527061,-0.10232628,0.21413435,-0.0059947497,0.22901441,0.17321496,-0.42347673,0.25656322,0.37960428,-0.19064273,0.16632041,0.39717874,-0.30793542,-0.20027436,-0.04849949,-0.14378846,0.24333608,0.14673285,0.20974287,0.338034,0.29573599,0.3220231,-0.04684395,-0.1646923,-0.4031307,-0.23258233,0.18500307,0.13000827,-0.1960525,-0.28847557,-0.22990897,-0.18829268,-0.42383885,0.13829592,-0.13287584,0.24210502,-0.18981613,0.28477526,-0.13375098,-0.08479588,-0.26429027,-0.2296444,0.3275186
0.2566367,-0.12368195,0.4434162,-0.347799,0.21406393,0.0147638265,0.2614067,0.1961866,0.24564204,-0.38257217,0.3688424,-0.23373592,0.28116617,0.185095,0.08358989,-0.17205827,0.24866356,0.06957109,-0.3178492,-0.22459896,-0.2507739,0.23341064,-0.10354051,0.2136137,0.005764766,0.22357498,0.17699838,-0.4143523,0.254111,0.368637,-0.1769564,0.16937402,0.39236918,-0.3040462,-0.20519072,-0.044614367,-0.13725181,0.24875048,0.13866656,0.19306695,0.32548293,0.28892002,0.29831672,-0.037434764,-0.15937982,-0.39437446,-0.20408668,0.19302863,0.13285474,-0.18788083,-0.28127787,-0.22913606,-0.18151134,-0.41582423,0.15050593,-0.122577436,0.22963297,-0.1928933,0.28309032,-0.12717837,-0.078078315,-0.24485515,-0.23586611,0.31798193
0.20578662,-0.07543537,0.23806018,-0.6387071,0.011175156,-0.7518724,-0.20521662,-0.15757853,-1.7615799,0.2968919,0.28700382,-0.13928318,1.137993,0.8460933,-0.22813925,0.52165437,0.8027561,0.050213814,-0.044948034,-0.09509453,0.47293264,-0.17490262,-0.68186605,-1.0750687,-0.8997437,0.60889304,1.9847946,0.25378072,-0.26957452,-0.39988095,0.6383339,-0.29174665,0.35751933,-0.32951123,0.8262035,-0.6653532,-0.42888013,0.64222604,-0.59630156,0.12597045,-0.4281318,0.32435274,-0.86899614,1.0021541,0.2729926,-0.17321569,-0.76600033,0.20302424,-0.7516892,-0.6061517,0.83960485,-0.1125642,0.94541633,-1.0008044,0.49766666,-0.44417834,-0.29503548,0.16650322,0.10359123,0.58013886,-0.41149768,-0.8901057,0.6601554,0.49875695
0.088558644,-0.030759111,-0.32158637,0.22236909,-0.13219985,0.04788848,-0.0479585,0.3635538,0.49216434,-0.44182077,0.12919973,0.8359715,0.23880188,0.2584154,-0.34003747,0.049780674,0.52423775,-0.57929146,-0.5370111,0.11025199,0.18809724,-0.5549319,-0.5939118,0.57309914,-0.55666924,-0.47828758,0.14437583,-0.25585878,-0.73375165,-0.30499035,0.3675068,-0.16128565,0.2620491,0.38616958,-0.2096673,0.65798485,-0.21944854,-0.08709039,-0.13291149,0.837042,0.04943429,-0.1769634,0.25102472,0.20393676,0.29782557,-0.3155522,-0.77481997,0.5826024,0.7686869,0.033663183,-0.68387884,-0.19748352,0.8571118,-0.040200144,0.8600617,0.02463758,0.39974022,0.44606322,-0.14357688,0.72732854,-0.013118684,-0.3406284,-0.28325632,-0.2584833
0.2671486,-0.118750624,0.44271666,-0.35916132,0.20506153,0.02693622,0.27901793,0.20168908,0.25189248,-0.3686436,0.37729213,-0.22934419,0.29511544,0.17722869,0.10582987,-0.176246,0.2461209,0.088298306,-0.31847605,-0.2231996,-0.25101805,0.2452707,-0.102326214,0.21413442,-0.0059947562,0.22901413,0.17321491,-0.4234771,0.25656325,0.37960425,-0.19064283,0.16632015,0.39717883,-0.30793574,-0.20027469,-0.048499182,-0.14378849,0.24333632,0.14673235,0.2097428,0.33803385,0.2957358,0.3220229,-0.046843734,-0.16469215,-0.40313077,-0.23258254,0.18500319,0.1300079,-0.19605249,-0.28847557,-0.22990876,-0.18829252,-0.4238392,0.13829604,-0.13287601,0.24210504,-0.18981579,0.28477532,-0.13375084,-0.084796116,-0.26429048,-0.2296444,0.32751873
0.19139794,-0.16046791,0.45687672,-0.27541476,0.27215594,-0.06808957,0.14434856,0.16122675,0.20405662,-0.4926239,0.32239366,-0.26599285,0.188439,0.25028965,-0.0720656,-0.1468535,0.27277976,-0.064947754,-0.32260567,-0.24161382,-0.25986475,0.15033968,-0.11336823,0.21713114,0.084472604,0.18759117,0.20718208,-0.36907393,0.23678543,0.30649716,-0.08494366,0.19521868,0.36753112,-0.28402308,-0.24387032,-0.024437582,-0.10262677,0.29366985,0.09317006,0.07966112,0.24499455,0.24363722,0.14186898,0.03678234,-0.12666696,-0.34016997,-0.004580088,0.26229268,0.14538184,-0.12911554,-0.23934686,-0.23313466,-0.13870868,-0.36835277,0.23872384,-0.062476333,0.14690506,-0.2205404,0.28013226,-0.08320987,-0.037984233,-0.11618836,-0.2886737,0.2604174
0.26714823,-0.118751034,0.44271675,-0.35916117,0.20506133,0.026935652,0.27901742,0.20168865,0.25189194,-0.3686439,0.3772924,-0.22934431,0.2951147,0.17722863,0.10582956,-0.17624584,0.24612086,0.08829745,-0.3184761,-0.22319935,-0.2510184,0.24527094,-0.102326185,0.214134,-0.005994652,0.22901437,0.17321484,-0.42347664,0.25656304,0.37960348,-0.19064192,0.16632012,0.39717856,-0.3079356,-0.2002747,-0.04849918,-0.14378814,0.24333625,0.14673242,0.20974243,0.3380337,0.29573557,0.32202232,-0.046843912,-0.164692,-0.40313062,-0.2325817,0.18500322,0.13000801,-0.19605222,-0.288475,-0.22990921,-0.18829279,-0.42383903,0.1382963,-0.1328752,0.24210495,-0.18981573,0.28477508,-0.13375051,-0.08479582,-0.26428998,-0.22964479,0.3275188
0.02299036,-0.079926625,-0.31620842,0.41024268,-0.20636168,0.11804498,0.23790997,0.32180378,-0.13936672,-0.22549537,0.50419134,-0.07220268,0.07371225,0.5429499,-0.110288024,0.5310262,0.22006172,-0.3896257,0.0042608604,0.16381116,-0.58344865,0.02381292,-0.33195978,0.28408858,0.1980373,-0.019917272,0.1206809,0.044008,-0.25607905,0.1036181,0.7064527,-0.20247042,0.4911447,-0.47143495,-0.22318928,0.65285903,-0.18184277,-0.13371399,-0.53523445,-0.1754548,-0.16244875,0.106236756,0.46175557,-0.12065296,0.40585166,0.06354143,-0.43200994,-0.19039609,-0.13951142,0.39120328,0.16797003,-0.14275399,-0.14466065,0.17436087,0.2901071,-0.70161355,-0.31587148,-0.32898512,0.7643279,0.8966309,-0.43039575,-0.31287616,0.2837882,0.046013564
0.61976963,-0.008554652,0.78690094,-0.73908657,0.06064801,0.14273232,1.1420376,1.0875131,0.25080523,-0.101964265,0.24737106,0.078175485,0.27577096,0.23227036,-0.1342873,0.13968551,-0.3074838,-0.71305084,0.6563425,-0.1405527,0.41728663,0.66077197,-0.5700516,0.4113988,0.017684042,0.40802252,0.36822453,0.2705393,0.014243979,0.13104682,-0.07315549,-0.52732253,0.6629499,0.13196321,0.5000893,-0.11869544,0.13937438,-0.8172874,-0.76976776,-0.26328495,-0.0035846531,-1.0733043,-0.80103064,0.2498808,-0.15442587,-0.36234444,0.45202866,0.04271394,-0.016496666,0.03333597,0.080936775,0.72333646,0.6506049,0.24586692,-0.32390982,-0.30151954,0.2375418,0.5689318,-0.33119237,0.46957514,0.15694633,-0.263488,-0.8603591,-0.069447756
0.5985825,0.072812125,-0.081418395,-0.2972506,-0.3621261,0.21591774,-0.15593205,-0.28785938,-0.10926397,-0.5860951,-0.07182886,-0.043203074,-0.010467231,0.4354433,0.16314761,-0.51854175,-0.010608226,0.22259973,-0.62382615,-0.58811194,-0.5103457,0.2549243,-0.1145173,-0.1342334,-0.080897,0.26323628,-0.20320794,-0.21585952,0.1452679,-0.51562697,0.13747355,-0.32361662,-0.56768227,-0.5173534,-0.4382813,0.27642155,0.22159874,-0.13647318,-0.68984103,0.5392525,0.42647415,-0.44405475,0.039700925,0.38697356,0.014494032,-0.17260846,-0.07039243,-0.6302192,-0.19117332,-0.08344429,-0.04147403,0.53485256,-0.16720042,-0.34812462,0.38886392,-1.0498741,-0.46145117,-0.005971756,0.6414064,0.283839,-0.9833736,0.24136452,-0.26456475,-0.18896887
0.2671493,-0.11874988,0.44271624,-0.3591612,0.20506191,0.026937418,0.27901796,0.2016894,0.25189355,-0.3686434,0.3772915,-0.2293438,0.29511607,0.17722893,0.10582999,-0.17624602,0.24612072,0.088299,-0.31847578,-0.22320017,-0.25101686,0.24526997,-0.102326274,0.21413517,-0.005995029,0.22901359,0.17321526,-0.42347732,0.2565638,0.3796052,-0.19064379,0.16632055,0.39717895,-0.30793583,-0.20027506,-0.04849934,-0.14378898,0.2433368,0.14673196,0.2097429,0.3380339,0.29573596,0.3220235,-0.04684308,-0.16469228,-0.40313062,-0.2325831,0.18500316,0.13000785,-0.19605292,-0.2884763,-0.22990766,-0.1882915,-0.42383966,0.1382955,-0.1328773,0.24210452,-0.18981603,0.28477553,-0.13375136,-0.08479621,-0.2642906,-0.22964366,0.32751805
0.26714897,-0.11875017,0.44271648,-0.35916123,0.20506166,0.026936725,0.27901778,0.20168927,0.25189304,-0.36864355,0.37729177,-0.22934401,0.29511574,0.17722873,0.10582982,-0.17624605,0.24612083,0.088298574,-0.31847587,-0.22319986,-0.2510174,0.24527027,-0.10232627,0.21413481,-0.0059948545,0.22901385,0.17321512,-0.42347714,0.25656348,0.37960455,-0.19064315,0.16632037,0.39717883,-0.30793577,-0.20027487,-0.048499305,-0.14378865,0.2433366,0.14673205,0.20974268,0.3380338,0.29573599,0.32202312,-0.046843473,-0.16469222,-0.40313065,-0.23258263,0.18500322,0.13000791,-0.19605272,-0.28847584,-0.22990823,-0.18829194,-0.42383927,0.13829578,-0.13287665,0.24210463,-0.18981586,0.2847754,-0.13375112,-0.08479602,-0.26429036,-0.22964412,0.32751828
0.26714906,-0.11874997,0.4427165,-0.35916132,0.20506166,0.02693691,0.27901798,0.20168942,0.2518932,-0.36864343,0.37729174,-0.22934389,0.29511604,0.17722881,0.10583005,-0.17624617,0.24612074,0.08829904,-0.3184759,-0.22319998,-0.25101733,0.24527021,-0.10232634,0.21413489,-0.00599507,0.22901377,0.1732149,-0.4234774,0.25656345,0.37960494,-0.19064353,0.16632037,0.3971789,-0.3079359,-0.20027484,-0.04849924,-0.14378886,0.24333648,0.14673205,0.20974296,0.33803394,0.29573613,0.32202333,-0.046843473,-0.16469227,-0.40313074,-0.23258314,0.18500313,0.13000773,-0.19605291,-0.28847605,-0.22990812,-0.18829194,-0.4238394,0.1382955,-0.13287698,0.24210484,-0.18981585,0.28477547,-0.13375114,-0.08479613,-0.26429072,-0.22964388,0.32751837
0.2671491,-0.118749976,0.44271648,-0.3591614,0.20506169,0.02693691,0.27901798,0.20168947,0.25189325,-0.36864346,0.3772918,-0.22934392,0.2951161,0.1772288,0.10583006,-0.17624617,0.24612078,0.08829904,-0.31847596,-0.2232,-0.25101733,0.24527021,-0.10232635,0.21413492,-0.005995072,0.2290138,0.17321493,-0.4234774,0.25656348,0.37960494,-0.19064355,0.16632038,0.3971789,-0.30793586,-0.20027484,-0.048499238,-0.14378886,0.24333653,0.14673205,0.20974296,0.338034,0.2957361,0.32202342,-0.04684348,-0.16469228,-0.4031308,-0.23258315,0.18500319,0.13000774,-0.19605294,-0.28847608,-0.22990815,-0.188292,-0.42383942,0.13829553,-0.13287698,0.24210486,-0.18981585,0.28477547,-0.13375117,-0.084796146,-0.26429072,-0.2296439,0.3275184
0.2439064,-0.11981576,0.39891312,-0.37654114,0.2345931,0.028040344,0.23548901,0.23195297,0.20240088,-0.3279354,0.37558615,-0.15662092,0.20809634,0.17512666,0.10214525,-0.11527759,0.21707745,0.087383956,-0.3282051,-0.23495002,-0.24797626,0.26176322,-0.14918675,0.15595737,-0.04306019,0.13243496,0.16671187,-0.41007602,0.28911218,0.37559506,-0.18764345,0.20928219,0.37040702,-0.33046463,-0.23381469,0.009427565,-0.18481575,0.17785244,0.16616125,0.23815382,0.27663293,0.29009897,0.2877348,0.04248122,-0.20723842,-0.3988369,-0.15364996,0.21351673,0.11185323,-0.21679056,-0.30648255,-0.26721406,-0.15410946,-0.35942826,0.0926297,-0.16579916,0.20561606,-0.15250969,0.28803214,-0.078115925,-0.13823596,-0.25441164,-0.25089782,0.30640703
-0.05358087,-0.669286,0.732042,-0.78515124,0.151689,-0.37388957,0.46977347,-0.012279026,-0.2989807,-0.113974884,0.6099015,-0.11956996,-0.065235995,-0.0394217,0.20154807,0.051919207,0.0077273548,-0.20348436,-0.3231123,-0.008680716,-0.9982164,0.81531715,-0.12369858,-0.1735626,-0.13648917,0.5632811,-0.24144632,-0.5787562,0.04018286,-0.113832645,0.069986895,-0.32041106,0.6245502,-0.06602073,0.04048399,0.45649606,0.073621325,-0.20014295,0.14259279,0.70315313,0.35771668,-0.11117498,-0.119360305,-0.43719602,-0.13829571,-0.75428694,-0.492494,0.034484826,-0.088851355,0.30659193,0.02802901,-0.5201189,-0.82240194,-0.64738977,0.1743195,0.76886624,0.8842946,0.21920519,0.1791204,0.620282,-0.17978139,-0.4739883,-0.37784743,0.5941973
0.25663668,-0.12368198,0.44341615,-0.34779897,0.21406397,0.014763803,0.26140663,0.19618657,0.24564205,-0.38257217,0.36884236,-0.23373593,0.28116623,0.18509506,0.08358977,-0.17205825,0.24866353,0.06957106,-0.31784913,-0.22459902,-0.25077394,0.23341063,-0.10354048,0.21361367,0.0057647745,0.22357492,0.17699829,-0.4143522,0.254111,0.36863706,-0.17695637,0.16937405,0.39236918,-0.30404624,-0.20519075,-0.044614367,-0.13725184,0.24875051,0.13866651,0.1930669,0.32548293,0.28891993,0.29831666,-0.03743467,-0.15937974,-0.3943744,-0.20408666,0.19302867,0.13285474,-0.18788087,-0.28127784,-0.22913606,-0.18151128,-0.41582417,0.150506,-0.12257745,0.22963291,-0.19289327,0.2830903,-0.12717833,-0.07807822,-0.2448551,-0.23586607,0.31798196
0.24342069,-0.121342115,0.44200653,-0.35840878,0.25319558,0.007566941,0.2801546,0.23817019,0.2473955,-0.3498631,0.36011526,-0.20810027,0.3071445,0.18182912,0.09411522,-0.17255488,0.2550296,0.14903122,-0.31794763,-0.23774979,-0.22678639,0.2531151,-0.12913106,0.21580817,0.018873965,0.20884311,0.15568969,-0.4205702,0.25260228,0.39782572,-0.20473622,0.14875086,0.41174495,-0.3065432,-0.20780751,-0.003842128,-0.14782035,0.23201907,0.08903644,0.24127002,0.34847042,0.2979456,0.30148724,-0.07265877,-0.1425136,-0.39836952,-0.29947352,0.16168189,0.13799866,-0.2198064,-0.27925828,-0.2138779,-0.20426068,-0.4322063,0.14161398,-0.11824553,0.2621255,-0.19207825,0.2867879,-0.12887491,-0.085447475,-0.29299936,-0.21093225,0.3368847
0.96804345,-0.0054784417,0.23932621,-0.51081085,1.4059451,0.2323182,1.2157784,0.06372309,0.33274055,0.50851554,0.7392115,-0.21102814,0.28947988,-0.45905176,-0.40423173,0.015761346,-0.9756085,-0.6989722,-0.8343243,-1.5894761,-0.025181592,-1.601522,1.0545915,0.6557185,-0.35234988,-1.156421,0.12165475,0.05345869,-1.255439,0.07859075,1.9082059,-1.2915436,0.02211596,0.5995851,-0.15513311,1.8025532,1.1642866,1.042671,-0.48776436,-0.036120474,0.47201163,-0.037614465,-0.88107455,0.10182376,0.68797255,-1.2029054,0.09564504,-0.1997369,0.35821074,-0.06255558,-0.8964673,-1.9332643,0.16359793,-0.28508428,-1.2125435,-1.2312853,0.25087994,-0.18435428,0.37990168,0.7547052,-0.12713875,-1.2044914,0.23753673,-0.79319215
0.26714835,-0.118750826,0.44271675,-0.35916123,0.20506135,0.026935823,0.27901787,0.20168874,0.25189215,-0.36864367,0.37729236,-0.22934434,0.29511526,0.17722866,0.1058297,-0.17624599,0.24612091,0.08829781,-0.3184761,-0.22319947,-0.25101832,0.24527091,-0.102326125,0.21413417,-0.0059946952,0.22901425,0.17321484,-0.4234768,0.256563,0.3796038,-0.19064239,0.16631994,0.39717883,-0.30793568,-0.2002745,-0.048499234,-0.1437883,0.24333625,0.14673254,0.20974267,0.33803374,0.29573584,0.32202247,-0.046843838,-0.16469207,-0.40313068,-0.23258208,0.18500331,0.13000788,-0.19605216,-0.28847545,-0.22990917,-0.1882928,-0.42383888,0.13829619,-0.13287552,0.24210487,-0.18981566,0.28477526,-0.1337506,-0.084796146,-0.26429024,-0.2296446,0.32751873
0.21841986,-0.0038364828,1.160579,-0.09531997,0.97867763,-1.2025098,1.7633725,-0.5441246,-0.69634926,-1.4311787,-0.8726239,1.7629086,1.3028321,0.64111173,1.0302005,1.0303032,0.26264936,0.6443584,-1.1012917,-0.10127053,-0.91501427,0.09091991,1.2548364,0.40726233,0.4616421,-0.45418036,1.3722501,-2.193456,0.45224065,-0.9461703,1.1768246,-1.6704452,0.74250185,0.15694655,1.6422914,2.1372228,0.026508689,0.58526623,-0.47144026,-0.92328405,-1.2173336,-0.8857617,0.6202086,0.25089383,0.75176406,1.4057094,-0.5549283,0.53979766,1.0743307,1.023171,-0.6150328,-0.23930962,1.5553725,0.8803096,-0.982856,-1.1175612,-0.5062293,-0.62944674,-0.53122246,1.0516325,0.27198362,-1.041144,-1.0793264,-0.70581394
0.44783607,0.22870204,0.5572068,-0.13587429,0.9550308,-0.14824483,-0.07060684,1.5756215,0.26997158,0.21565175,0.06917998,0.08157197,0.4555686,1.39273,-0.21366803,0.3272985,0.06829174,-0.25203872,0.12529548,0.53216374,-0.13472214,-0.13068324,0.26435047,0.37619486,0.703188,-0.40762976,-0.26761678,-0.29094785,-0.32884234,-0.04125762,-0.40520835,-0.034076974,0.17241511,0.012760282,-0.11850585,0.09641586,0.93580073,0.4162743,-0.49012887,0.5317609,0.050330356,0.39733782,0.17376778,0.8875872,0.10333449,-0.24215467,-0.9977374,0.96067333,-0.1560351,0.7241356,0.065116346,-0.55409825,0.030082531,-0.47528717,-0.023589611,-0.35206813,-0.3763843,1.1949146,0.72574997,0.30586344,-0.57238567,-0.59848416,-0.026025988,-0.6051639
0.26714864,-0.11875065,0.4427167,-0.35916138,0.20506157,0.026936114,0.2790179,0.20168908,0.25189245,-0.36864358,0.3772921,-0.2293441,0.29511538,0.1772287,0.10582982,-0.17624614,0.2461209,0.088298306,-0.3184761,-0.22319962,-0.251018,0.24527064,-0.10232629,0.2141344,-0.005994708,0.22901413,0.17321493,-0.42347702,0.25656328,0.37960425,-0.19064268,0.16632016,0.39717886,-0.30793563,-0.20027474,-0.0484992,-0.14378846,0.24333629,0.14673233,0.20974275,0.33803385,0.2957359,0.32202289,-0.04684379,-0.16469215,-0.4031308,-0.2325826,0.18500315,0.13000792,-0.19605248,-0.2884756,-0.2299088,-0.18829261,-0.42383924,0.13829595,-0.13287605,0.24210498,-0.18981573,0.28477532,-0.13375072,-0.08479601,-0.26429045,-0.22964439,0.3275187
0.010490015,-0.12884551,-0.049403444,-0.55798244,0.5323802,0.044695236,-0.20577283,0.5422156,-0.30228242,0.09018521,0.36217946,0.589156,-0.6790492,0.15325153,0.06964923,0.5074053,-0.0802595,0.07995593,-0.42937642,-0.35614604,-0.21870956,0.4316932,-0.62780285,-0.4382511,-0.42753962,-0.85577947,0.10004513,-0.27850467,0.6235378,0.3394866,-0.16044486,0.65075845,0.09773302,-0.56400883,-0.57704985,0.59915704,-0.6094294,-0.4925944,0.37188226,0.53209496,-0.34933499,0.23446664,-0.056327276,0.9592987,-0.64587134,-0.35760465,0.65134084,0.507271,-0.077485725,-0.42979842,-0.49525657,-0.65179473,0.19542632,0.29826176,-0.37867516,-0.5095162,-0.16589394,0.22951925,0.32331294,0.49015996,-0.6884558,-0.15771753,-0.46905723,0.093845665
0.097837776,-0.42892957,-0.7638712,0.069126695,0.19589102,-0.6317204,0.5338277,-0.049310192,-0.4036764,-0.67147344,0.538358,0.17729962,-0.6353921,0.2372873,-0.68375695,0.21470478,0.17905582,0.16002116,0.28641897,-0.40404782,-0.8823534,0.3878379,0.06433623,0.5693646,-0.15611126,-0.31493497,-0.058890805,0.10683316,0.30649635,-0.23146252,0.046235234,-0.35602152,0.08539528,0.29345307,0.036765438,-0.6362468,0.55472636,0.13834032,-0.5699053,-0.0698499,-0.19325966,0.34060058,0.21110949,-0.2612514,-0.22278705,0.2745546,-0.49488583,0.5618078,-0.37786987,0.26189017,-0.040807456,-0.1006065,0.11357325,0.25688112,-0.18154947,-0.52262986,-0.07671694,-0.83876216,-0.84058285,0.2820688,-0.19902912,-0.4075343,0.098820165,0.5033659
-0.001289703,-0.13622287,0.4267791,-0.29931206,0.7410027,-0.201686,0.24776667,0.582061,0.2087689,-0.19711621,0.15212366,-0.043369338,0.393649,0.22710028,-0.060259543,-0.1283547,0.35526386,0.6984858,-0.29631418,-0.38086793,0.049780518,0.2939511,-0.39207888,0.2406386,0.2906223,0.0059133247,0.024329603,-0.33295912,0.23178828,0.5408529,-0.32740125,0.0148132965,0.5193542,-0.2770822,-0.2901882,0.40707633,-0.15139619,0.1364321,-0.49462348,0.4866283,0.42059782,0.32405633,0.075264476,-0.31435853,0.0728451,-0.3164574,-0.8496108,-0.06442975,0.26131052,-0.47469202,-0.1702713,-0.022087403,-0.30294937,-0.4677723,0.19294453,0.027054247,0.38802075,-0.2468834,0.28936473,-0.1181024,-0.06292184,-0.49540365,-0.034066334,0.37009454
0.2671486,-0.11875083,0.44271702,-0.35916144,0.20506133,0.0269359,0.27901816,0.20168869,0.2518923,-0.36864382,0.37729242,-0.2293447,0.29511553,0.17722882,0.10582995,-0.17624621,0.24612111,0.088298,-0.3184761,-0.22319967,-0.25101838,0.24527062,-0.10232629,0.21413434,-0.0059947507,0.22901443,0.17321497,-0.42347685,0.25656325,0.3796043,-0.19064279,0.16632041,0.39717877,-0.3079354,-0.20027444,-0.048499484,-0.14378846,0.2433361,0.14673287,0.20974289,0.338034,0.29573599,0.32202306,-0.046843953,-0.16469231,-0.40313077,-0.23258236,0.18500307,0.13000828,-0.19605252,-0.28847554,-0.22990902,-0.18829268,-0.42383888,0.13829593,-0.13287587,0.24210499,-0.18981613,0.28477532,-0.13375099,-0.08479587,-0.26429033,-0.2296444,0.3275186
0.2406824,-0.16155262,0.46508962,-0.3935138,0.20369397,-0.0054499013,0.29529706,0.18888655,0.20822476,-0.34649473,0.39588684,-0.2173456,0.26942518,0.16135296,0.11334328,-0.1586938,0.22805002,0.0722719,-0.3197292,-0.207332,-0.30857748,0.29130322,-0.105812915,0.18373933,-0.01497324,0.2529241,0.13784076,-0.43747538,0.2380824,0.34416765,-0.17149004,0.12558535,0.4168363,-0.290157,-0.18175027,-0.0053547616,-0.1287432,0.20779884,0.14285034,0.25189993,0.34145683,0.26444057,0.2869137,-0.07921716,-0.16038784,-0.43094775,-0.26168665,0.17213413,0.111460485,-0.15817808,-0.26369908,-0.2534836,-0.24138968,-0.44302917,0.14088939,-0.062434,0.2956009,-0.15715359,0.27754846,-0.073861256,-0.09372044,-0.28563845,-0.23992781,0.3518969
0.26714897,-0.11875009,0.44271642,-0.35916123,0.20506166,0.02693683,0.27901787,0.2016893,0.25189304,-0.36864355,0.37729183,-0.22934394,0.29511574,0.17722878,0.1058299,-0.17624608,0.2461208,0.088298686,-0.31847593,-0.22319986,-0.25101733,0.24527022,-0.10232626,0.21413481,-0.005994878,0.22901382,0.17321506,-0.42347717,0.25656345,0.37960458,-0.19064325,0.16632037,0.39717883,-0.30793583,-0.20027491,-0.048499294,-0.1437887,0.2433366,0.14673206,0.20974272,0.33803383,0.29573596,0.32202318,-0.04684341,-0.16469221,-0.40313062,-0.2325827,0.18500319,0.13000783,-0.19605272,-0.28847593,-0.22990823,-0.18829192,-0.42383936,0.13829572,-0.13287672,0.24210465,-0.18981585,0.28477538,-0.13375114,-0.08479605,-0.26429048,-0.22964408,0.32751828
0.263707,-0.120700344,0.44321617,-0.36041805,0.20921381,0.02340178,0.27952325,0.20466858,0.24985632,-0.36595744,0.3767862,-0.22600842,0.29584104,0.17773558,0.1042893,-0.17547266,0.24590562,0.09362568,-0.31836918,-0.22305952,-0.25100854,0.24765378,-0.104360536,0.21250522,-0.003083351,0.22755377,0.16925777,-0.4233449,0.25387976,0.37985003,-0.18974161,0.16175535,0.399301,-0.30725262,-0.19970275,-0.042364925,-0.14349656,0.24146684,0.1409832,0.21370412,0.3388703,0.29479104,0.3182853,-0.05070693,-0.16120967,-0.4034713,-0.24161537,0.18254551,0.12975423,-0.19548883,-0.2860811,-0.23068775,-0.19309598,-0.42567208,0.13934332,-0.12790252,0.24630867,-0.18779461,0.28491873,-0.13015427,-0.08493826,-0.26816785,-0.22783288,0.3299487
-2.2377539,2.8982809,-1.40215,-1.4696767,0.073988676,-2.8837814,2.7433398,0.7584883,-0.5175285,-1.2485728,-0.5737564,1.3845088,0.013461955,0.64749193,0.8240304,-1.750549,2.2886152,-2.3931625,0.88364,-1.7592113,-2.1062574,-0.1434821,-1.809095,1.9314833,3.7214596,1.1967651,-0.948019,0.47230685,-0.8616718,-2.581917,-0.04604715,-0.85717976,0.292216,-1.4268196,-1.4820211,1.9047611,-0.35311007,1.5760522,2.1472335,-1.3817163,-1.9627239,-0.9543211,0.39198625,1.3417011,1.7458671,-1.064527,-2.0637655,0.2513342,-2.0313678,-1.9892747,-1.5963433,-0.8450789,3.5957088,-1.3900703,-1.3527975,0.6551317,1.5991228,0.2672304,-1.1517777,1.6327808,-1.251503,-0.97711086,0.87046313,-2.0702076
-0.26272923,-0.0680433,0.44824415,-0.016620249,0.27106908,0.36314267,0.05382368,0.07534905,-0.09411469,-0.24349481,-0.19910146,0.14505303,0.8682969,0.29596412,-0.52753985,0.30780923,0.101567715,-0.060968697,0.08639006,-0.30473533,-0.67005944,0.21208616,-0.11616979,0.14225288,0.17089131,-0.24310601,0.1457395,-0.12716441,-0.19643633,0.26889527,0.63271916,-0.48091927,0.23155496,-0.53760487,-0.7101468,0.13647947,-0.15119329,-0.45444643,0.12900749,-0.26243812,0.63631105,-0.0023537502,-0.4414316,0.97920954,0.3884017,0.07840985,-1.0006555,0.67376894,0.50499517,-0.015864734,0.3301119,-0.06849299,0.47488236,-0.043260157,0.24996015,-0.6595721,0.1197998,0.48539495,0.7777601,1.044976,0.17401105,-0.34313518,-0.31580895,0.7175778
0.24342076,-0.12134209,0.44200647,-0.35840887,0.2531955,0.007567008,0.2801547,0.2381702,0.24739547,-0.34986314,0.36011532,-0.2081002,0.30714446,0.1818291,0.09411533,-0.1725549,0.25502956,0.14903116,-0.3179477,-0.23774974,-0.2267865,0.25311506,-0.12913105,0.2158082,0.018873863,0.20884316,0.15568966,-0.42057028,0.25260228,0.39782578,-0.2047362,0.14875086,0.41174498,-0.30654317,-0.20780753,-0.003842155,-0.1478204,0.23201914,0.08903653,0.24127008,0.3484704,0.29794553,0.30148733,-0.07265877,-0.14251366,-0.3983696,-0.29947352,0.16168192,0.13799858,-0.21980633,-0.2792583,-0.21387796,-0.2042607,-0.4322064,0.14161396,-0.118245594,0.26212564,-0.19207817,0.2867879,-0.1288749,-0.08544748,-0.2929994,-0.21093222,0.3368848
0.26714838,-0.11875078,0.44271672,-0.3591612,0.20506139,0.02693578,0.27901778,0.2016888,0.25189197,-0.36864367,0.3772923,-0.22934423,0.29511505,0.17722858,0.10582969,-0.17624596,0.24612084,0.088297784,-0.31847608,-0.22319938,-0.25101835,0.24527073,-0.10232613,0.21413425,-0.0059947018,0.22901428,0.17321481,-0.42347687,0.25656316,0.37960374,-0.19064225,0.16632007,0.39717868,-0.3079356,-0.20027451,-0.04849913,-0.14378828,0.24333614,0.14673246,0.20974264,0.33803374,0.29573563,0.3220225,-0.046843816,-0.16469213,-0.4031308,-0.23258214,0.18500327,0.13000785,-0.19605215,-0.28847533,-0.22990914,-0.18829282,-0.423839,0.13829619,-0.13287568,0.242105,-0.18981561,0.28477526,-0.13375069,-0.084796,-0.26429015,-0.2296446,0.32751873
